{"acc": 0.777224180588914, "loss": 0.2778742197325558, "_timestamp": 1730196891, "_runtime": 5, "_step": 7, "_wandb": {"runtime": 6}}